TargetRotX,TargetRotY
10.543302,-6.296529000000007
5.437627999999998,9.014474000000009
-2.672656,17.90086000000001
-18.020367,-40.256553
7.239818,-2.9328079999999943
11.109747,16.937813000000006
-8.44459,-13.263677
9.669981,44.103575000000006
-13.742304999999998,-16.211788
6.905818,11.533810000000004
-3.588026,-36.47795599999999
2.8734649999999995,41.383258
-2.837537,-4.939059999999998
-2.785966,-40.652871000000005
-0.941614,25.705653
11.656442,1.4931299999999936
-11.691229,-32.182625
-2.388858,0.1544399999999939
15.321259,18.52917199999999
-14.571901,18.597003
7.217775,-21.95518299999999
-10.040708,2.8482219999999927
1.997892,17.67328599999999
17.671321,-32.37510999999999
-1.1960980000000028,39.53134600000001
0.6816530000000007,2.5003480000000025
-2.8868340000000003,1.0978630000000038
-13.166869,-7.944531999999995
-3.167509,-14.900751
18.216174,-16.91287700000001
-16.196742,22.661538
10.082477,12.198280999999994
5.4072320000000005,-43.992729
-14.373117999999998,40.73284700000001
11.387179,-38.858183
-5.347607,44.541769
-5.654104,-4.610735000000005
12.787646,-15.848895
-1.6703670000000006,22.659586999999988
-0.1777960000000007,-7.555948000000001
-7.0325560000000005,-38.00129
-5.603404,17.158263000000005
-2.028703,-21.062944
7.243551999999999,14.289387000000003
5.477176,-8.418823000000003
-10.611922,-2.0007499999999965
5.256939000000001,-3.653148999999999
5.414862999999999,49.40145899999999
-1.7467919999999992,-5.244755999999995
-13.584803,2.7245070000000027
1.264411,-32.892244000000005
13.856095,5.7634570000000025
-0.3722689999999993,17.806931000000006
1.046202000000001,-11.866790999999992
-14.132572,20.322565
0.053096,-47.924067
11.548048,18.76484600000001
-3.430788000000001,7.889808000000002
-4.6774830000000005,-21.085391
8.09357,41.398622
-7.942132,3.78380700000001
9.528598,-4.101647
1.422322999999999,-7.971692000000004
-14.992365,-29.653454
11.830131000000002,34.24228000000001
-6.3855,-22.836693
-2.183392,26.86774800000001
7.014895000000001,-38.297095
-0.4728340000000006,3.107069999999993
-8.783033,28.534081
8.790181,-38.94298500000001
-7.59818,3.6814739999999935
16.97281,6.997809000000004
-18.264728,27.596544999999992
2.032372,-35.19400400000001
2.216176,42.230673
-2.683187,5.321348999999998
8.728659,-48.46845999999999
1.7730169999999994,31.850739000000004
1.5550350000000002,9.272670000000003
-8.979959000000001,0.8524269999999916
5.350179000000001,-19.08589599999999
-0.0946169999999995,9.049221000000005
-11.072611,-33.77243399999999
10.895156,7.57735000000001
4.484999,-9.372298
-4.698110999999999,1.8497420000000064
8.344953000000002,14.795783999999998
-0.6031399999999998,-6.180890000000005
-6.313172,-1.600036000000003
1.813098,-4.809382999999997
4.426781999999999,33.27595099999999
0.2982059999999986,-43.63029
-9.137012,0.2454940000000007
-1.368099,11.731857000000003
11.135464,-4.524964999999995
-5.677651000000001,-9.922568000000004
2.643453000000001,11.54507799999999
-8.366201,-2.8834639999999894
1.8937800000000005,1.111965000000012
-1.8708899999999995,20.027304
2.266831,-28.958831000000004
3.4608029999999994,11.836227999999991
6.669080999999999,3.304339000000013
0.0977239999999994,31.69368200000001
-6.436458000000002,4.282160999999988
-0.0152509999999992,-2.337424999999996
-3.011931999999999,-41.80785200000001
-9.323212,35.13002800000001
1.520313,-21.259767
11.160355,-5.552233999999999
-4.0896870000000005,27.101108
-3.057359,-41.202415
13.053441,7.463019000000003
-16.139146,-2.646142999999995
5.922344,26.727638
-7.043022,7.456104999999994
15.634481,1.0342349999999954
-9.467846000000002,4.54734599999999
-6.068927,-31.379215
-2.4862580000000003,-11.299909
14.528233,-1.815153000000009
-12.743628,5.583734000000007
5.308476,30.17843900000001
0.8886010000000004,6.2606660000000005
-7.884404,-8.691901999999999
1.0913270000000002,14.861477999999993
3.1511660000000004,-42.60979499999999
6.337498,25.542321
-10.523775,-3.448145000000011
10.320224,3.1404810000000083
8.766765999999999,-3.277439000000001
-8.182079000000002,-14.359653000000009
-6.366177,33.94962699999999
6.072854,-10.397503999999998
-2.357367,-37.144391
-2.1065050000000003,1.9809060000000045
10.226363,27.571664000000013
-17.375566,-23.114272
16.538673,-3.884642999999997
-11.888217999999998,21.414619
1.5002059999999997,15.962178999999992
-2.5569170000000003,-11.383487000000002
3.864008,-31.64988299999999
6.690623,5.319821999999995
-8.063022999999998,-5.892051000000002
6.5927050000000005,50.45984
-14.680375,-38.238604
13.772501,14.63719900000001
1.432598999999998,15.054097
-2.612330000000002,10.984007999999989
-3.0296260000000004,-40.479142
-8.161985999999999,30.552758
-0.8407169999999997,-35.165323
10.506011,25.957455
-9.065779,-17.205506
12.266764000000002,-13.300691999999998
-9.345757,16.231713
-7.055621,-14.916960000000005
-2.128593,-1.304980999999998
13.209601,48.46429499999999
1.17957,-50.670397
1.522234000000001,-2.6078470000000067
-5.550794,13.008187
0.1029149999999994,19.03110799999999
0.8126470000000001,-19.57960300000001
2.363011,-6.393157000000002
5.8927900000000015,35.84125399999999
-3.803616999999999,8.402551000000003
-11.242628,2.040953000000002
13.644845000000002,-29.772198000000003
-12.44146,-8.733177000000012
5.131381,22.312114000000008
1.4491309999999995,-0.6212109999999882
-14.093781,-1.8119599999999991
3.371669,-22.849387000000007
5.250888,3.7236390000000057
6.220381,15.347189
-18.457063,19.278358999999995
16.871467,4.327771999999996
-16.512103,-29.287319
-0.181756,20.828068
1.0011,7.146320000000003
11.46583,-32.47998000000001
-7.65465,33.464825000000005
11.553259,-18.992863
0.5738649999999996,10.554449000000004
-5.562097,8.053634000000002
-4.891947,-49.322707
11.558105,11.81398
2.1172249999999995,16.720540999999997
-9.166984000000005,-14.587429
7.176103,-18.719202
-2.215901000000001,1.1871089999999995
5.265003999999999,-1.8487659999999977
-17.465979,-0.517669000000005
-1.3654509999999995,51.20920500000001
14.28804,-24.348145
-2.7557669999999987,6.2973149999999976
2.0950799999999994,-29.656489000000008
8.171342000000001,19.304393000000005
-2.7712699999999995,7.303214999999994
-6.243329999999999,-7.5293199999999985
0.4909090000000002,9.517585999999994
1.2305689999999991,-22.23596000000001
-8.755226,35.032376
3.885202000000001,7.513886999999997
11.563126,-16.53022200000001
-16.437769000000003,-27.912885000000003
14.383793,34.672008000000005
-14.684062,-30.264295000000004
4.469091000000001,-7.372687999999997
7.3199,44.057428
-2.327558999999999,-44.377225
4.465733999999999,37.365322000000006
-5.867645000000001,-31.46882
-11.637824,27.447106000000005
11.102127,5.3490560000000045
-4.880174,-26.50751600000001
-0.6764969999999995,3.934317000000007
6.937014,11.875299999999996
-15.73729,-30.32929800000001
7.461833,41.461778
0.118735,-45.272594
-4.152,11.320013999999992
-1.646933,6.901534999999996
13.233167,13.848957999999996
1.801679,18.64728500000001
-8.773126,-15.769005000000009
1.7816200000000002,6.235835999999992
-6.382556,-38.7744
7.770935000000001,30.860251
-4.963902,4.297538000000003
14.538426,3.257322000000002
-11.985166,-0.7786410000000075
-4.69628,-3.547299999999993
18.285121,3.625371000000001
-17.633515,0.0769609999999971
11.197376,1.619927000000004
1.2298279999999997,8.160050999999996
-5.711193999999999,2.870843000000008
-0.4958279999999995,-40.052504
12.169475000000002,29.024664
-0.3793849999999992,-10.760552000000004
0.9602920000000026,9.337771000000004
-12.06927,-19.329841
9.203026,24.302077
-16.974895,-3.9960499999999968
8.868108,-17.774158
-1.509964000000001,6.157121000000004
7.01007,-13.774377
-7.870782000000001,29.556557
6.338476,-0.3225339999999903
-9.377914,-1.4611349999999987
-7.046937,-13.096339
1.751069,-3.869820000000004
8.674427,6.298225000000002
7.956631000000002,-15.80843
-2.174410999999999,2.7000170000000026
0.8200950000000002,22.75692500000001
-8.975499999999998,-28.695311999999987
-4.030836000000001,8.218209000000002
-3.88649,7.881299999999996
16.338332,20.637457
-5.850957000000001,-9.176016000000004
0.0139650000000006,13.608818999999995
5.830641,5.167173999999989
-17.013574,-38.300372
9.843228,-16.305868999999994
8.58937,-0.9590840000000044
-9.80098,22.033536000000005
-6.496661,-15.08936
2.6615390000000003,6.338977
0.7880140000000004,37.61781400000001
13.084813,-18.02794
-19.090337,-1.3716309999999936
7.216916,-20.125079
3.276047,33.72089799999999
2.879392000000001,-41.62162500000001
-2.911665000000001,28.718986
1.8000870000000004,-20.498571
-2.248843,1.1504539999999963
10.988847,2.0618460000000027
-19.868196,34.24341000000001
13.286561,-27.953548
-4.755367,25.566493
8.585155,6.976922999999999
-5.445271,-26.367588
-7.565901,-14.876807999999995
6.047981999999999,11.590418999999995
-5.150235,-18.01835899999999
3.1011260000000003,10.414984000000004
5.458429,22.216667
-9.816794,-22.808371
7.864333999999999,21.610340000000008
5.157057,-20.46595400000001
-11.344816,6.232814000000005
-3.065936,0.1460059999999998
3.425276,21.679817
9.910279,-35.450766
0.7993609999999993,29.042259
-1.1413700000000002,-30.843965999999995
-11.704158,-2.9211910000000074
2.256391,-0.4303570000000007
-3.062929,13.454150999999996
4.742148,7.153092000000001
0.7297390000000004,13.250255999999991
4.148927,-29.78645800000001
-0.4682560000000002,8.459421000000006
-8.539901,-10.21109
8.433136,45.915399
-12.980926,-7.818663999999998
18.83078,-6.805925000000002
-11.934788,12.806335999999988
-1.3387440000000002,-19.83005200000001
11.545481,-30.842742
-14.133741,35.565874
12.203545,-6.960138000000001
-8.325598,-22.767078999999995
10.772833,34.71917400000001
-0.0598609999999997,-20.991203
-7.525265,-2.344832999999994
2.382262,15.629632
-6.104539000000001,-5.545003000000008
4.624938,16.648123
-1.8982840000000003,-37.63922299999999
-6.917198,40.34686599999999
12.789059,-4.174195000000012
-9.311533,-32.634426000000005
9.510169,39.885655
-9.072438,4.671633
-0.331893,-40.59304999999999
6.937312,28.399535
5.788786,-39.88852
-9.148183,24.82453600000001
4.948,-25.324899
-11.698113,45.512573
9.003540000000001,-0.9116700000000008
-6.611853,-34.17398899999999
9.726484,27.755969000000007
2.038418,-17.319198
-12.037621,13.640015000000004
11.597128,-6.565125999999992
-8.697691,24.996633000000003
3.7553009999999993,-6.881704999999997
-4.922929,4.143853000000007
7.609722,-10.500895
-11.043526,7.242041999999998
5.872394,-32.570791
9.045344,3.850692000000009
-8.509751999999999,-9.502731000000011
7.021254999999999,43.81728
-0.8239670000000014,-40.43278000000001
-7.33372,15.80880599999999
6.421165,6.572856000000002
4.701212000000002,-20.09991100000001
-6.607853999999998,13.061282000000006
-12.54256,10.236976
18.437147000000003,-4.209969000000001
-8.987863999999998,-11.120919999999998
9.029846,11.404864000000003
-3.9032490000000015,-14.20092000000001
-14.083491,28.781947
1.606015,4.971767999999997
8.39613,-20.418318
1.1981859999999998,17.03808500000001
-1.8210230000000005,-19.41277500000001
-0.7540600000000008,-0.054875999999993
6.211733,20.197619000000003
-4.132197999999999,-20.698281999999992
3.5927690000000005,25.270793999999995
-14.339713,-52.78056000000001
11.880036,14.861323
3.818994,37.78856
-7.361813999999999,-45.477817
11.894554,1.646455000000003
-9.884840999999998,5.753768000000008
-2.615549,-5.933638999999999
8.939688,42.41580499999999
2.8520980000000016,-9.213668999999996
-13.647704999999998,-6.918789000000004
-1.6946269999999997,-6.410675000000012
8.576956,-23.335625000000007
5.366092999999999,38.98348399999999
-3.924992000000002,9.038558000000007
-13.828847,-25.38458700000001
5.294995,22.71629800000001
-1.5966730000000005,-26.148917
9.247113,9.604638999999992
-7.770007,-0.5520159999999947
2.1217820000000005,-16.374534999999995
2.3354240000000006,-5.420360000000002
-9.517063,-1.0023120000000034
-0.711782,26.53150000000001
3.514179,-11.69314700000001
1.5620310000000002,-4.789732999999998
3.63854,-7.489178999999993
-3.03501,22.729314
-6.64054,10.995691999999991
-2.929161,-1.1534759999999975
19.67553,-31.585814
-14.900652,20.93416300000001
6.885924,-24.054688
-1.8292329999999983,14.42036800000001
6.946176999999999,-9.768595000000005
-11.970050999999998,2.8718450000000075
-2.838855,24.74801199999999
-2.327811,6.605722
6.049674,1.285030000000006
-2.898524,-51.76488300000001
-2.9059470000000003,38.748395
-4.81673,-23.359605
16.828488,-3.673371000000003
-4.561235999999999,11.518304
7.454138999999998,-20.605344
-2.0000789999999995,47.062252
-16.618761,-11.259873
16.557014,7.213231000000007
-4.628990999999999,-32.195451000000006
2.1259630000000005,37.722117
-10.756197,-49.328186
3.539974,32.906544
15.002462,-7.61329400000001
0.3682119999999997,-6.837841999999995
-11.643949,12.600671000000006
-0.8451570000000004,8.954869000000002
-6.869211,-41.463791
6.702541999999999,49.115477
12.501288,-42.07017400000001
-17.367645,23.018447999999992
7.81565,-4.7732230000000015
1.808276,3.830117999999999
-7.744682000000001,-30.728787999999994
3.042934,35.38848899999999
-5.875858,2.0851790000000108
15.253676,14.101169000000011
-11.972311,-32.360697
-3.454935,7.78734399999999
10.851009,19.547183000000004
-9.248414,-36.070173
1.2145929999999998,10.528869
-5.528171,-4.95711
9.181223,-2.7494879999999995
-2.793273,31.662925
5.891249999999999,-19.569057
-11.290288,-9.345906000000014
15.268434,-16.058777000000006
0.7873960000000011,-0.0353860000000025
-9.442484,31.586933
0.3042790000000002,-33.758343
5.804588000000001,20.444987
4.050013,9.098155999999989
-4.724618000000001,0.4699039999999996
-12.05761,-6.056269999999998
17.618545,3.811431999999997
-0.5907739999999997,18.040068000000005
-12.059254,-35.843262
0.1178570000000007,17.616445
-7.077777,4.956012000000001
1.995381,6.190865000000002
13.684559,-17.184502999999992
-8.681369,9.568045999999995
-1.852923,-29.811116
5.338987,48.621461
2.019836,-3.4217730000000017
-13.960108000000002,-13.183757999999996
2.647391,3.3469960000000043
0.6450400000000003,8.866844
13.715377,-3.415435000000002
-1.8483650000000007,-7.357150000000004
-2.755462999999999,-13.33266900000001
4.088606000000002,20.919718000000003
-17.514281999999998,-0.1070330000000012
15.400463,-6.662914000000001
-6.072569,-19.416169
-5.936463,-8.923134000000005
-4.535519,-6.504536999999999
13.82148,39.479113
-8.818582,-29.376954999999995
13.021766,36.243053
-17.082473,-51.46893700000001
5.014996,39.981048
12.936213,-29.522827000000007
-12.431603,4.039214000000001
6.3373800000000005,-5.730225999999988
4.959657,43.530777
-8.379572000000001,-50.929124
13.814371,14.93647700000001
-2.738603000000001,4.516480999999999
-7.878166,-14.61415199999999
8.11262,-21.965768
-0.0938219999999994,0.304947999999996
-9.890585,5.185389999999998
4.254842,26.31873800000001
-7.853328,-20.13371500000001
13.945657,16.240841000000003
-4.3441730000000005,-34.767503000000005
0.0089139999999998,24.612430000000003
-4.774411000000001,-18.03877899999999
7.629246999999999,3.2392539999999883
1.610486,25.336023
-12.545696,4.628423999999995
6.379674,-40.928483
3.3500939999999995,42.14847
7.308795,-6.971742000000006
-4.038535000000001,13.179331000000005
-2.6144549999999995,-29.859629
-2.727382999999999,18.132363999999995
5.2849390000000005,12.14963800000001
-4.114332000000001,-34.55371000000001
1.805152,14.63812
-10.709497,-15.219251999999996
8.604796,-5.6128750000000025
-5.637245,9.978397
10.197607,13.710700000000005
-1.6129639999999998,-35.071569
-0.3635549999999998,19.534757
-10.239243,24.84223999999999
2.438431,-42.87376999999999
0.544178,13.092113999999995
-2.792439,5.199092000000007
-0.383484,-4.595697000000001
4.500689,-12.702127000000004
-3.054385,20.382003
11.161547,-6.640021000000004
-15.867999,17.871796000000003
8.672692,-12.61481599999999
12.080603000000002,8.592113999999995
-19.801109,-15.441913999999995
15.877211,-9.883981000000006
-1.799683,10.845176999999993
4.480613,-15.689167999999995
-17.83666,3.222904
2.010841,14.641678
-3.454962,27.111845
9.515738,-46.205759
-12.015689,47.61282200000001
1.131001,-14.403915999999995
17.960877999999997,14.811399999999992
-5.2508430000000015,-47.277548
-6.3536410000000005,30.20678000000001
0.8952940000000007,-22.460087
-7.451154,-5.027564999999996
17.481128,-4.978607999999994
-11.910681,12.863860000000004
13.693635999999998,12.617484000000005
-1.1253600000000006,8.269475
-0.7326200000000007,-7.352720000000005
-7.642841000000001,-1.039315000000002
-0.8254429999999999,-8.97709300000001
9.683239,35.735626
-14.788132,-10.642724
-1.830568,-30.600335
3.88141,22.21537
7.170278000000001,-24.23485699999999
-8.632686,17.771039000000002
8.787637,24.97868000000001
-11.538418,-31.373786
5.192126,6.315645000000004
-3.0685460000000004,7.887654999999995
16.493299,-19.853641
-18.908032,-1.2723779999999891
18.320158,27.683366000000007
-9.468876000000002,-32.05332800000001
-1.8719259999999995,6.527068
2.522111,9.660431000000004
-4.7074560000000005,-4.38354600000001
10.517707,7.599708000000007
-15.181317,-3.1305229999999966
17.805821,20.191109
-10.864229,-15.012159000000011
-5.103163,21.408950000000004
16.803952,-26.326278
-15.317777,-11.816221
18.105305,33.08148899999999
-15.313825,-16.002883999999995
0.1409670000000003,-5.909471000000011
4.424256,27.095762000000008
-0.1074159999999997,-34.67770700000001
3.604740000000001,39.723593
-12.156914,-32.167131999999995
0.4029629999999999,6.1102340000000055
2.474494,-24.016082000000004
5.826388,49.785858000000005
5.283435,-49.775138
-9.777637,48.716505000000005
6.06087,-0.3424370000000039
-3.6953780000000007,-31.626625000000004
-1.9289929999999995,37.23123100000001
11.541543,-43.848166000000006
-14.781328,19.242016000000007
-2.780821,19.252449
1.476281,-19.999202999999994
7.911565,-13.79392700000001
1.9830130000000008,38.387792000000005
-0.6199520000000005,-9.419567999999998
2.3302200000000006,-30.873757
7.4240210000000015,9.946935999999994
-1.377279999999999,18.358333
-18.401404000000003,-22.875110000000006
7.725187,28.910854
7.850961000000001,-5.197474
2.1653459999999995,2.171430000000001
-8.090106,-28.987712
-13.17507,14.033039000000002
9.210114,11.759220999999997
-7.151289,-2.1217460000000017
17.149756,15.036252999999988
-12.712067,-37.31286200000001
-1.140678,41.08914100000001
1.300042,-50.52499800000001
6.41892,29.36424700000001
0.3997270000000004,-22.23835299999999
-2.795216,34.26272399999999
2.2020660000000003,-14.294498000000004
1.2456300000000002,-23.876376
-12.073049,27.209914
9.985033,10.639373000000006
-8.672556,-34.493809
5.158399999999999,13.317568000000009
-4.520977,-27.558851999999987
7.186621,49.410044
-10.75478,1.7963299999999975
13.281347,-13.887298
-15.251377,1.8336840000000048
20.122934,-3.122359000000003
-18.611422,-0.6606790000000018
-0.7597309999999999,-34.836197
12.247553,2.039579000000004
-5.90692,28.701168
8.715459,13.436624999999992
-2.801086999999999,-12.436588
-6.159106,1.275424000000001
5.261168999999999,11.691329999999994
-13.000751,-36.249639
20.731667,4.622098999999992
-14.587777,27.391905
3.661881,-46.157164
6.518851,41.863192
-4.323668,-23.38831400000001
-6.155932,-6.857467999999997
4.354018,-10.029688
-4.558135,25.989739
-3.251484,-13.203271
4.730595,31.02683599999999
7.104946,-21.511342
6.371758,-4.907409000000001
-4.509611000000001,-4.48475599999999
-9.348875,-2.139149000000004
7.556131,10.267703000000012
-5.619997,-5.835160999999999
10.095406,16.47953600000001
-0.2468700000000012,-3.5353159999999946
-2.911492000000001,-14.704656
-2.035841,0.7848419999999976
6.211146999999999,24.710376
-8.170954000000002,-34.440228000000005
4.4132180000000005,19.194855000000004
-9.266199,31.05775
6.174591999999999,-14.695309999999992
-1.5847690000000014,-15.108353000000008
2.0040130000000005,28.519328
7.1250550000000015,-30.11573300000001
-9.953835000000002,31.73813
-6.692456,-7.031571999999997
15.886591999999998,2.5791260000000023
-2.5589790000000026,-8.200956000000005
-13.04689,-15.063017000000002
6.717192999999999,15.026526000000004
-9.04147,1.3060009999999949
12.673683,-25.544266
2.381423999999999,38.455257
-12.073622,0.4257249999999999
7.138314,-27.70572999999999
-9.27302,-12.683275999999992
12.671893,4.250464000000008
-3.891572,0.0794439999999951
3.2205900000000014,25.877842
-1.0301030000000004,-22.663185
-4.624941,-3.2633360000000096
-1.2855280000000002,1.4317879999999974
12.973877,31.635511
-14.962098,-17.65796300000001
-0.3691680000000001,5.95535000000001
0.429389,-12.342911999999998
-1.864141,7.192031
11.931468,-11.030496
-3.8323639999999983,25.586793
-10.794456,-2.9765649999999937
10.592561,-12.156255000000002
-2.96974,-25.557734
-8.321347,20.601612000000003
3.1422410000000003,27.11075000000001
10.793036,-29.746904
-13.125238,33.089828
10.033645,-51.295038000000005
-9.833554,27.694745
8.016855,12.109248000000008
-3.634567000000001,-17.64953399999999
11.86694,-7.043970000000002
2.436409000000001,24.01691
-9.090678,0.0478489999999993
-9.663019,4.0178240000000045
2.843335,-21.574009999999987
14.512778,8.651132000000004
-7.220006999999999,-23.40659099999999
0.487934000000001,1.920068999999998
2.2465569999999992,-2.515708000000004
-10.049302,1.5238360000000029
10.145273,19.561667
-2.585400999999999,-24.258942000000005
-0.5138630000000006,38.848013
-3.045542,3.593972000000008
-7.691076000000001,-44.90043299999999
13.612002,51.14903700000001
-8.359922999999998,-40.85848399999999
-5.471385000000001,0.7158190000000104
11.187092,17.227520999999996
8.108860000000002,14.221791999999994
-5.689199,-9.017572
0.0462439999999997,14.319578000000009
5.547133999999998,-1.885622999999996
-9.241723,7.780116000000007
-10.819034,-7.235170999999994
18.216994,-42.71902
-8.035249,37.79401299999999
-1.708501,-38.846153
-5.98137,18.015612000000004
10.756295,18.752817000000007
-12.935498,-29.397222
-0.533351,3.8450460000000106
2.950108,8.881502999999995
11.744659,-3.4503449999999987
-3.58935,23.480037
5.940766,-0.6791350000000023
-3.036869999999998,-32.014014
-4.680315,38.785792
-5.247069000000001,-6.532271999999992
13.410758,-27.774552
0.2543779999999991,-3.788947999999991
-18.426986,29.235872
19.925579000000003,-19.358819999999994
-17.234398,24.874059000000003
11.388299,-41.432937
-11.27398,31.357149
18.028841,-8.427285999999995
-11.785651,-15.53101199999999
-1.061877,17.070963000000006
-0.7189429999999994,-27.38336799999999
7.836339999999999,29.55556100000001
-11.401514,-7.882481999999996
-3.240275,-21.503622000000007
10.831339,39.10828600000001
-0.5720899999999993,-11.143585000000002
3.925416,-28.189848
-9.051495,40.59231
-2.873076,-7.746712000000002
7.762017,-34.251715000000004
-3.351375,18.46125500000001
8.316608,23.650541000000004
-0.8637040000000002,-12.959339
-15.623459,-15.607451999999997
19.025752,9.377535000000009
-7.733580000000002,5.935619000000003
5.016913000000001,-16.58354899999999
-12.136624,33.25251200000001
-4.082,-0.6480159999999984
9.77538,-42.562364
0.4502790000000001,6.1920749999999884
-2.490011,8.422009000000003
-4.05042,19.019496999999987
1.365684,-24.470828999999995
9.300687,19.013324999999995
-10.311608,-21.239243
-1.7372800000000002,-1.6491450000000043
13.903071,35.11926
-15.842048,-9.380682000000007
11.277995,-39.045847
4.680484999999999,19.025313999999995
-8.00095,-14.713709000000009
9.491516,15.431751000000006
-12.210746,11.626824
-2.6083380000000003,-36.581114
9.652568,48.82730099999999
5.921426,-16.752394999999993
-3.8261670000000017,1.1898300000000006
-16.577371,-7.809856999999994
14.526348,-24.357747000000003
-1.3360469999999989,20.615316000000007
-4.676046,-1.8234429999999973
1.4926200000000005,14.648032
-5.085687,-38.871202
0.3307539999999999,13.594390000000004
8.089036,38.30417
-4.234319,-49.727219000000005
-1.9688170000000005,11.610092000000009
1.0976490000000003,38.531999
7.02944,-9.07310000000001
-1.2434759999999994,-17.582411000000008
2.0833639999999995,0.2926179999999903
-10.103467000000002,-11.600226000000006
10.057375,14.99826499999999
-17.210001,-15.029460999999998
16.276251,26.407004
-18.69739,-31.861918000000003
3.512094,37.021772
0.3870180000000001,-14.064525000000003
11.315804,-7.186320000000009
4.073388000000001,20.16511700000001
-19.651889,-32.96237500000001
6.8264130000000005,-3.719226999999989
8.492237,11.477133999999992
-2.648116,9.485103999999993
-7.831843000000001,-25.874594
11.243165,23.309822999999994
-8.094319,-20.325031
-11.346316,37.961135
10.323893,-32.787324
3.216912,19.650044
2.721463999999999,-8.56745500000001
-6.717115,-20.937322999999992
-5.946276,40.529241
17.146914000000002,-9.99076199999999
-2.999694999999999,9.628758000000005
-0.0622599999999984,8.697057999999998
1.951656999999999,-51.074906
-9.168079,4.350656000000008
9.697446,5.224653000000004
-4.219541999999999,41.041747
5.792983,-36.711746000000005
-1.036284000000002,-8.573696999999996
-1.9016410000000008,45.961138000000005
-3.812063,-46.054552
-4.6698260000000005,-2.775556000000009
10.592315,46.669917
-5.2932570000000005,4.629822000000004
3.5238770000000006,-11.428356000000008
-4.996677000000001,-4.5875680000000045
11.183337000000002,-28.845683000000008
-16.316524,-0.9197610000000084
17.334794000000002,30.924530000000004
-20.935058,-4.285114000000007
6.641663,-22.696133000000003
-7.95687,11.250518999999995
2.98572,8.624553000000006
-2.775892,-6.143634999999989
8.722083,-11.440249999999992
-7.335697,1.6026449999999954
9.728112,1.5798419999999993
0.0794580000000007,-9.26772600000001
-8.551983,5.160772999999992
-2.474045,11.972746999999998
2.9196220000000004,28.558334
-0.816718,-9.415293000000004
-2.839901,-19.221401
19.104042,-2.5190099999999944
-15.856383,-0.0800279999999986
-2.335576,-7.739306999999997
6.325087,19.055684
-1.1800759999999997,16.583386000000004
4.520336,-8.250076000000007
1.2005690000000016,-26.044354
0.0025340000000007,5.617452999999998
0.1472510000000007,40.18912
-1.892715,-18.15852199999999
9.735086,-0.848793999999998
-6.353720999999998,-13.007919
-4.439871,0.0261349999999964
1.1173709999999994,14.600656999999998
2.3545540000000003,-16.403261999999998
10.583345,-5.211507999999995
-3.334352000000001,9.122522000000004
-15.971053,-9.048839
16.058588,38.328993
-0.0074379999999987,-22.004272
4.746875999999999,11.821164999999992
-3.2090999999999994,5.188051999999999
3.2404949999999992,-28.14634000000001
-7.214352,3.1901749999999964
-11.744027,-1.6562590000000057
12.604951,13.676355999999998
-0.0123039999999985,-1.323318999999998
-2.765624,17.153368999999998
6.78472,5.415903
-1.7982929999999993,-53.20433800000001
-10.917468,41.684926
7.384373,-31.349162000000007
-2.860463,38.832289
-1.0754289999999989,-48.004768
-0.5692880000000002,42.084577
-1.4128180000000006,-6.713509999999999
-0.3449070000000001,14.625146
0.170738,-4.322707999999992
-3.995758,-18.094232000000005
11.063292,0.9982360000000056
-10.335258,-17.65701100000001
3.089936,39.313680000000005
-6.105221,-42.15286900000001
13.83487,44.674894
-10.776441000000002,-9.051018
13.715991,-12.606436000000002
-17.872363,-27.609589000000007
-3.629663,28.023854
11.653016,16.734986000000006
-4.766447,-19.57730100000001
8.330741,22.39387600000001
-11.797642,3.478382999999994
-4.807634999999999,-7.582214000000008
18.878673,-2.2619630000000086
2.0584750000000014,-18.06402700000001
-16.42546,-6.466615000000004
6.961703,30.50067899999999
-3.3594730000000004,-17.715957000000003
-2.783781,-13.514830000000003
-4.363452,9.669925000000006
5.541831,8.900235999999992
-4.9181740000000005,3.728331999999994
2.824817,-22.393227
8.726302,-4.211975999999993
2.889664999999999,28.679935
-12.620646,-1.9904750000000035
-1.772671,-25.997205000000008
17.443295,3.637374999999992
-12.720833,-12.089435999999992
-1.804932,45.220083
5.249408,-0.2042480000000068
-0.3273460000000003,-36.509091
-5.896622000000001,-5.7543779999999884
19.671802,37.57195899999999
-0.2889830000000017,-29.94065300000001
-0.2633420000000015,3.280462
-13.393133,-0.3044370000000072
-3.667391,16.499398999999997
18.764387,20.680339000000004
-5.652458999999999,-47.357724000000005
-10.767884,27.9528
15.272606,22.566022000000004
-7.790073,-3.0673749999999984
9.847383,-45.867057
-3.384135000000001,37.991305
0.8839600000000001,-17.66492199999999
-6.477512,-12.600363000000002
2.3881870000000003,-4.911500000000004
4.715429,-6.5854340000000064
-3.681756,45.547112000000006
-1.4324589999999997,-3.730950000000007
-8.258242,-9.702687000000012
7.647563,-7.649730000000005
-9.116127,30.125402
15.780861,-6.174728999999999
-3.093589,-21.97607600000001
-7.7539,19.714004000000003
-1.8123290000000003,-2.3480090000000047
-0.4365829999999997,1.8428420000000043
7.131349,-6.147046000000003
-11.546447,5.22345
-2.6550610000000003,-24.358094
6.89889,-7.992197999999988
5.062908000000001,-8.596355000000003
-7.388344999999999,17.220755999999994
6.280771,-1.0577070000000075
-7.298042,29.049139
0.6996600000000002,-17.994186999999997
3.57296,6.212288000000001
2.359855,-18.482391
-0.041995,-9.452584000000002
0.9330199999999992,21.819816000000003
-2.9383170000000005,-11.229497999999992
7.261452999999999,31.205962
-6.329179999999999,3.2046220000000005
9.494615,-48.54055199999999
2.6222059999999985,9.652352000000008
-0.0176719999999974,7.901837999999998
-0.4723729999999975,-3.5692090000000007
-14.126783,-1.4540250000000017
13.704024,-6.67400099999999
-10.662748,1.5782960000000088
12.899632,15.455496999999994
-3.180505,26.429136
2.8815240000000006,-7.978535999999991
0.8583430000000014,-36.304604
-12.806442999999998,40.81889000000001
-5.401557,-39.40170499999999
14.005698,22.044726
-10.263339,-24.652581
13.270545000000002,2.144297000000009
-16.637220000000003,37.865127
4.65295,-4.578952000000001
11.045562999999998,-0.3486910000000023
-1.9890499999999989,-25.92072800000001
-12.175794,4.970140000000001
7.1077,0.3670430000000095
-7.874458000000001,9.418650999999995
2.280387,3.878479999999996
7.024927999999999,-5.385213999999991
-10.434482,-14.329149
12.002625,-3.26247699999999
-9.285111999999998,-2.5652979999999985
-4.68444,-3.440021999999999
-2.857952,16.061543999999998
17.284514,23.733685
1.1067869999999989,-24.63004100000001
-0.2334109999999984,2.717673000000005
1.695799000000001,-5.023426999999998
-10.548743,18.246353000000013
-6.762976,-18.325178
0.342756,32.44734799999999
7.245769,-13.996216000000004
5.8457550000000005,-19.335203000000007
14.74365,-23.864874
1.3009359999999983,45.682966
-16.521698999999998,-21.591348
11.611337,-4.390948000000009
-4.118185,11.802149999999996
7.555289999999999,-14.414528000000004
-8.013375,12.095199999999991
5.446250000000001,9.375979999999998
-12.43979,1.742418000000001
11.672364,3.403552000000005
5.191606999999999,-36.70933600000001
-6.884606,3.773607999999996
-8.00301,-1.1977720000000005
6.91424,28.074381
5.016636,-20.476330000000004
3.867199,-12.853390000000005
-6.442382,34.71633800000001
-3.003082,11.095219
2.241581,-6.803976000000006
-5.683871999999999,-22.827448000000004
10.890082,34.00477000000001
-7.682419,-26.907568999999995
-7.1285110000000005,-10.092557999999997
4.453429,2.9329189999999983
10.58833,28.057877000000005
-13.240426,-29.080442000000005
4.799935999999999,30.199792
-1.6729889999999994,-35.93536900000001
9.068258999999998,-4.472916999999995
-11.719321,44.09228400000001
-0.536619,-2.5979400000000084
-4.272334,-35.62827800000001
-0.772805,12.833782999999997
5.1756,11.513720000000006
3.795812999999999,6.400052000000002
-10.908147,-49.606967
8.296192,50.46296
-6.791093999999999,-6.807027000000005
13.123552000000002,8.243834000000007
-8.610858,-22.015372
-5.073278,1.5097080000000034
0.2862379999999995,0.134143999999992
6.984969,-0.4206180000000046
5.7884280000000015,-32.301731000000004
-13.190361,41.50862
14.103238,-14.468536
-16.652264,-26.337289
15.213021,37.701577
-2.182768999999998,-14.598306999999991
-12.738665999999998,6.421477999999993
6.955819999999999,-19.744167000000004
-9.380345,29.87844
10.17303,-14.173424000000011
-10.81078,5.889753999999996
20.396971,2.2497879999999952
-8.608612999999998,-0.4807969999999955
6.491875,-1.3482910000000032
1.2272160000000003,6.099697000000006
-3.858077,10.727407000000014
-2.087164,-23.24009700000001
-11.074338,26.998217
-1.18193,0.6372910000000047
12.30775,-23.322561000000007
-12.699352,7.615881999999999
16.932835999999998,-4.875949000000006
-0.2801360000000006,-26.90366
-6.993378,8.675549000000004
2.9088960000000004,29.315363000000005
0.782432,-20.124617
6.10713,14.971778
-0.6894790000000022,-3.332500999999993
-17.254606,5.358469
8.174024999999999,-29.639403
5.808824,1.5063669999999971
-7.967512,26.094407000000004
-2.571419,-2.571083999999999
12.870342999999998,3.2801230000000032
-9.170087,3.431286
-7.121428,-1.8588850000000008
20.164298,4.113444000000001
-18.639664,-41.86132599999999
-1.281574,12.748835
1.2569969999999997,20.262715
15.104633,-30.89277
-6.782285000000001,43.131271
10.120000999999998,-44.048041
-3.111066000000001,11.996368999999987
-14.93278,-20.69793
18.895145,25.145105
-12.631035,-10.581717999999997
11.167164,37.25284300000001
-2.61815,-37.21746
2.6284030000000005,-2.641114999999999
2.4067690000000006,4.528710000000004
-10.454785,19.452397000000005
3.826195,-28.96741
-7.618748,0.6781689999999969
6.034303999999999,31.256373
-4.359045,-27.30795400000001
-5.232603999999999,-15.874682
7.51953,5.1274820000000005
-6.382535000000001,27.04290300000001
11.285125999999998,-7.178794999999994
2.619095,-5.208973
-9.978476,31.40325
0.4465999999999992,-47.16369399999999
-4.968655,32.654732
10.817706,-34.142602999999994
5.239789,32.379766000000004
-11.133364,-2.177839999999989
11.011713,12.559685000000002
-8.481819999999999,-43.722915
10.528506,12.365083999999996
-11.922477,33.83314499999999
-1.381943,-10.083507999999997
5.905478,7.685340999999994
2.321598,-42.798496
-1.996905,21.555848999999995
-9.873229,-15.160365999999996
2.805154,8.646838000000002
14.252391,4.979608999999996
-14.097211,-21.606537000000003
-4.159432,39.693802000000005
-0.929431,-35.142072
-0.342457,-3.866323000000008
13.246849,23.03491
-0.9283400000000004,-15.741055000000005
-2.718491,41.747152
-0.6268549999999999,-15.947795
-1.7121839999999997,11.720584000000002
4.301219,3.782363000000004
-11.542161,-26.817224
7.399153,-15.399116000000006
4.479827,1.763120000000001
-10.556981,18.211514
0.1752310000000001,14.659086000000002
11.137336,-40.860567
6.875074,20.133369
-14.825564,13.862251
8.802793999999999,-29.162810000000007
-1.0864350000000016,-5.523776999999996
-3.179886000000001,48.042252000000005
-4.550105,-14.434461999999996
11.593765,16.94444399999999
-9.508316999999998,-8.400987999999998
-4.6857050000000005,4.636727999999991
7.608220000000001,-3.598950000000002
-8.149348,-40.688614
12.442424,43.82864599999999
-17.452456,-48.476225
4.486901,52.98415200000001
-5.511365,-6.423254
21.650677,0.3371840000000077
-3.178931999999998,-30.93135799999999
-16.329476,11.222294000000003
9.645002,27.688495000000003
0.2838910000000005,0.3123739999999912
-6.183775,-27.892140999999995
-1.285582,-1.4590519999999998
2.5535680000000003,2.8247049999999945
0.1416839999999999,-1.4282899999999898
-0.4049609999999999,-22.603362000000004
14.55033,38.428553
-10.601864,-19.700576
-6.322622,17.542571999999993
8.409621,-38.432231
-2.2675969999999994,36.267145000000006
9.127756,-34.51420400000001
-3.465107999999999,45.14265800000001
2.792992,-20.108062000000004
-4.502929,18.414929
-4.221680000000001,-0.0545410000000003
-2.639334,-22.907923
0.0316580000000001,15.200262999999993
-6.546117,-9.668152000000006
12.835465,-19.634487000000007
-12.434551,6.971063999999998
-0.3100329999999998,-9.856675999999991
4.311261,27.117466
-1.507016,-22.165415
-2.047904,1.136603000000008
18.066809,-7.610842000000005
-1.0081369999999996,11.877516
-6.784934999999999,9.740829000000003
4.993791,12.446097999999992
-7.589433,20.733248000000003
10.908839,-0.3713949999999926
-9.900115,-37.57787400000001
-1.8280090000000009,42.383285
-2.127112,-4.566976999999994
12.940712,-26.922713
3.041986,-45.03801800000001
2.5235749999999992,1.7995790000000085
7.416212000000002,36.255858
-7.277925999999999,8.075924
1.408994,-6.121235999999996
-11.805179,-39.702911
16.377633,48.284987
-3.9978510000000007,-42.849347
6.163950999999999,29.44866499999999
-9.858502,13.594997000000006
6.323076,-2.8973340000000007
-1.2481659999999994,-23.839828
-1.77327,-21.263738000000004
-8.863195,18.802938999999995
12.594077,-14.477901000000005
-15.679924,-5.094416999999993
0.605022,23.33893400000001
13.267664,13.476081000000008
-1.1739700000000006,-16.859288000000006
-3.469843000000001,21.36461899999999
6.056579,-5.877595
-1.6700350000000004,-27.951756000000003
-12.959819,6.125240000000005
13.316229,-3.1628100000000074
-1.4976520000000004,37.183352
-7.97629,-5.782612
-2.142303,-37.56844100000001
2.488379,-0.3320250000000015
10.203918,39.306183
-7.911183000000001,-8.907938999999999
-6.145462,3.9617080000000016
17.347379,-17.740077
-0.1765770000000017,-7.240864999999999
-7.141273,-1.9771259999999984
1.4097270000000002,20.387567000000004
-5.509094,-30.177921999999995
6.701553999999999,48.273589
6.195129,-30.234965000000003
-8.932077999999999,8.649822999999998
4.228285,21.796844000000007
2.5923900000000017,-7.2193089999999955
-17.580192,-14.791316999999992
19.158288,16.37225199999999
-17.438271,0.7344499999999954
-0.937424,5.706918000000002
-1.043652,-18.425674
-1.805016,-17.853296
13.937214999999998,15.786220999999998
-2.8496360000000003,-9.463715000000008
7.774459999999999,14.32387399999999
-5.678822,-16.484662
-2.950215,28.152784
-1.665247,-7.665749000000005
10.326816999999998,-2.163922999999997
-18.115761000000003,18.47129299999999
8.686177,-33.870722
1.6176650000000006,12.294278000000006
-10.684887,8.403717
12.175744,15.889557999999994
-7.490354999999999,-52.282859
7.502921000000001,13.155218000000003
-1.6121110000000003,-5.707549999999998
-11.382555,22.659231000000005
-0.7062430000000001,-10.789901
4.090769,-9.415976999999998
-1.97784,-7.195890000000006
-2.82069,38.63439700000001
13.484584,-34.49200499999999
-10.008006000000002,22.668525
-1.478345,19.57249
9.969001,-17.71866
-11.450115,-27.56138100000001
14.570530000000002,38.86829200000001
-1.269133999999999,-37.512681
-1.7242999999999995,34.42000800000001
3.051636,-34.728004
1.2497599999999984,11.00022
-1.4806560000000015,13.794228000000004
-10.57778,-23.985426000000004
17.031453,16.066986999999997
-4.382496,8.606902000000005
-0.749982000000001,15.878059000000007
5.287813,-6.616724000000005
-1.8747949999999989,-20.947344
3.902585,10.409288000000004
-14.281364,-10.366619
-6.076952,2.4766059999999896
10.625425,-0.0109670000000079
-5.413736,-5.737144000000001
5.709107,5.152918999999997
-8.449221999999999,15.968613000000005
15.396081,0.0521519999999924
-12.434909,-13.546560999999995
12.890621,24.73659600000001
-5.3875540000000015,-28.22815899999999
-1.7987349999999989,19.778428000000005
-7.010847,-10.21111599999999
6.338522000000001,-10.305310000000006
-2.687488,-16.841538999999997
-6.396182,39.85844499999999
15.470261,-42.536567000000005
-10.007742999999998,26.186911999999992
-5.512014000000001,-3.896805000000001
10.581914,-3.3977200000000067
-8.481596,13.918682999999987
7.411629000000001,9.385296999999994
1.9039319999999995,-2.155698000000001
-12.966123,-23.424319
8.19271,33.95473199999999
4.141216,-17.19818099999999
-4.669375,-0.6285579999999982
-3.624311,20.331727
7.841997999999999,-19.358605
-4.284992,-31.520710000000008
7.645150999999999,8.737647999999993
-11.83898,40.036081
2.859489,-18.232653
9.130766,-5.954679999999996
-13.323171999999998,-17.159335999999996
-4.427427,4.968662000000009
15.508615,-8.286558
-15.791032,46.76855800000001
19.479373,-43.98326999999999
-4.829863999999999,39.018608
-0.2135890000000007,0.5796650000000056
-7.920264,-48.246484
-1.937371,42.756368
-2.9021600000000003,-25.87328100000001
8.235817,3.939913000000004
-0.2760909999999992,-0.2286529999999942
2.795542,13.812380000000005
-7.616031,-31.842161000000004
8.387644,3.544539999999998
-9.908504,30.61155
-0.3908909999999999,-34.392708
4.68455,1.0826689999999957
-4.057762,40.474929
11.52799,-38.415108
-8.938335,15.944240000000008
10.44562,-28.210566
-14.266407,4.355706000000005
12.117398,32.30713700000001
4.038957,16.804755999999998
-2.12867,-9.35445399999999
-11.82671,-29.570229999999995
5.5205280000000005,-6.131122999999988
1.3600820000000002,30.86329699999999
4.0375700000000005,-23.188167
0.3927029999999991,0.5717700000000008
-10.904556,36.9695
17.632448,-9.994073
-10.628094,2.0701719999999995
-6.533894999999999,-34.324462999999994
16.002565999999998,26.459779
-14.608431,8.228525000000005
12.577663,0.0679599999999993
2.416034,-17.44469000000001
-7.07446,-23.772811000000004
9.479275,42.497483
-3.473736999999998,-10.007280000000009
-5.194804000000001,-10.956503999999995
6.043851000000002,25.612866999999994
-11.911897,-32.982378
0.4318530000000002,24.27914899999999
12.58724,-19.21219099999999
0.7416739999999997,10.631379999999991
-8.484522,-26.53159000000001
-1.6272020000000005,8.411666000000011
-6.056145000000001,20.336609
-3.0700890000000003,-3.2978470000000044
6.671237,-26.357959000000008
3.098771,-3.0844279999999884
-1.979046,21.62302
-1.5151020000000006,-27.635561000000003
6.5596060000000005,2.4778890000000047
-1.7754720000000006,-1.2104249999999863
-7.333594999999999,-3.5570340000000016
11.844749,38.811001
-13.718009,-1.6527440000000126
13.074522,4.0527409999999975
-0.4309170000000009,-1.980107000000004
-13.750425,-11.083135
6.120802,-8.543011000000007
-7.320572999999999,12.113509000000008
6.858849,-16.122398000000004
-0.1583810000000003,7.297968999999995
0.4470240000000007,2.3629960000000096
-8.655963999999999,-11.978286999999996
-1.581859,27.233781
13.649588,-33.14156700000001
-3.03604,-4.903828000000004
-3.687948,30.707083
-8.106715,15.705150000000003
19.495853,-36.552329
-5.773342000000001,8.236260999999999
-12.584103,24.918982
10.20371,-17.615266000000005
-4.841643,-3.0837220000000087
1.6111319999999996,-9.409257999999994
10.595185999999998,-14.065317
-15.092726,23.067240000000005
15.092888000000002,8.98801499999999
-18.164387,-10.281277000000005
15.485243,-10.973329000000009
-10.948506000000002,7.853994999999998
5.659412,6.729991999999996
7.282259999999999,-15.398354000000012
-17.744065000000003,17.503829999999994
14.008158000000002,11.526695000000004
0.8442900000000009,-2.707790000000003
3.625489999999997,-28.501935000000003
-12.965869,2.697248000000002
7.868695999999999,15.283610999999992
-1.9367280000000004,-8.642057999999992
5.8139140000000005,19.24222900000001
-12.503794,-1.9611670000000032
8.371334,4.457059000000001
-10.310347,-7.25882399999999
17.61619,-8.267496000000008
-12.219539,-4.340758000000008
-1.4118199999999996,12.59419299999999
7.024742999999999,12.478643999999989
-10.071677,-16.416580999999994
-0.2958839999999996,1.819063999999997
15.896416,-15.994946
-6.528893000000002,-11.388480000000008
2.367844,25.387685000000005
-12.232757,20.027661999999992
6.349615,-3.5941689999999937
-9.711789,-29.752088
13.249505,-12.266092999999998
-13.742413,-0.4460100000000011
-0.868677,6.979608999999996
8.371551,-0.1708449999999999
3.0011209999999995,-3.147869
1.0218050000000003,50.44035
2.252033000000001,-43.32610699999999
2.4527870000000007,0.6126100000000037
-1.2643640000000005,-10.499042000000005
-8.289735,4.773788999999994
4.486000000000001,33.755174999999994
2.9522229999999983,-13.186135000000007
-10.648218,4.657167999999999
-0.531739,-31.24670800000001
4.981038,36.302928
-1.2942999999999998,-29.875498000000007
5.177542,35.906789
-5.895385999999999,-22.028163000000006
10.174231000000002,-14.343006000000004
-9.530613,47.220724
-5.718482,-21.10629200000001
5.735741000000001,-23.639637
2.064821,38.893215000000005
-8.346277,-0.4607109999999892
15.565868,-34.17079
-17.990363000000002,7.241967000000002
15.883426,26.118048
0.6017299999999999,11.966587000000004
-11.444646,-30.72951400000001
13.649554,25.001971999999995
-9.492009,-5.877540999999994
4.646944,10.584707000000009
-4.808769999999999,-3.651038
-0.3015560000000001,-9.791150000000002
-5.72511,11.449033999999996
0.927953,-31.275458
4.342627,1.3356820000000056
12.699464,31.931389
-5.893967,-10.356410000000013
3.4583700000000004,9.552358999999996
3.888640999999998,-33.649173000000005
-2.638152999999999,6.943933999999999
-12.926311000000002,4.082081000000002
-5.146236,-8.023447000000004
21.144595,-0.169832999999997
-17.843667,25.238659
14.322912,-25.236418
-0.3913960000000003,31.047359
1.820489,-30.793232000000003
-5.585682,32.032126000000005
3.500660999999999,-44.40948300000001
-11.323858,40.65622400000001
8.98677,-40.98454099999999
-8.408475000000001,0.0213130000000063
11.251484,25.36635
-7.904079999999999,2.205936999999992
-7.688259,2.3948510000000027
7.329601999999999,17.360412999999994
14.722915,-17.586077000000003
-16.062107,-18.773134
8.824473000000001,32.73428800000001
-11.643901,-30.517989
15.877595,11.300053000000004
-0.7666940000000011,4.537449000000009
-1.5802049999999994,-32.576415
-11.353082,14.655001
12.877713,-14.883207999999996
0.0522150000000003,50.94837
-3.4133929999999992,-25.023493
-3.1196710000000003,2.640922000000004
-8.292286,10.683148000000005
10.859015,6.3971679999999935
-0.8307289999999998,-46.337992
-2.03702,52.886128
3.366226,-26.77596799999999
7.837128999999999,-2.7162270000000035
-11.204096,22.524304
-8.247525999999999,-38.812653
2.786562,14.308044999999993
-4.958019999999999,-21.20629
8.753204,6.98084999999999
11.551958,28.23686400000001
-20.158943,-36.722321
11.004114,41.050999
-10.658811,-36.37337500000001
19.152328,-4.743577999999999
-9.297301,47.77178400000001
-4.452134000000001,-8.972515000000001
1.1841820000000003,-31.080169
4.942671000000001,46.512372
-4.384572,-25.264367
-2.132711,-19.817401000000004
13.19031,16.86535400000001
-10.805587,-20.081071999999992
5.6003,50.004445
-10.919677,-2.656761000000003
10.102595,-24.465872000000005
-3.855251000000001,23.59983100000001
13.568799,-30.410854
-19.887471,28.612706000000003
6.52257,-3.053478999999996
-8.330715999999999,-29.028448999999995
-1.456366,-3.109160000000003
10.485717,6.270164000000008
1.4331449999999997,13.092084
6.108186999999999,-21.641199
-0.6178609999999995,31.48826200000001
2.770105000000001,-30.521558
-12.573573,-9.970549000000004
4.014733999999999,39.640294
2.3950840000000007,3.917377000000002
6.290787,-36.81154299999999
-13.042948,32.07481800000001
8.034095,9.039858999999993
-10.590809,-43.65280600000001
1.8117120000000004,16.936948
1.8403660000000004,11.804358999999993
4.399413,-26.478413000000003
-5.676495999999999,-9.05266499999999
3.384713,43.382927
-10.148925,-12.805864999999995
4.458659,-15.667611000000008
1.6497319999999998,1.4217299999999966
9.950543,-1.790304000000006
0.198993999999999,20.89022200000001
-5.691520000000001,-24.331249
-9.090556,23.87102800000001
16.801393,6.514624999999995
-4.9610530000000015,-25.217089
-9.897676,24.61715199999999
11.194231,-30.672013000000007
-0.1091899999999999,0.3752490000000108
1.0491199999999985,0.5859489999999994
0.2268140000000009,28.681018999999992
1.5297229999999988,-26.982866
-17.26648,17.80466899999999
4.103463,-7.554090000000002
8.336678,14.103630999999991
-0.77501,11.983666999999995
-7.870601000000001,-38.636888
13.867486,-4.768954999999991
-4.006532,7.126749000000004
2.492006,26.218447
-6.661535000000001,6.529449
-7.597256,-3.653964000000002
17.192165000000003,-14.895511999999997
-10.457215,-10.859164000000009
14.182224,15.619173000000004
-10.128038,-21.700726000000003
-11.75834,31.820924000000005
9.218457,-6.431816999999995
-9.710454,7.119699999999995
18.819542,13.788781999999998
-8.031457000000001,-46.56526099999999
-10.781085,4.812145999999999
12.793039,31.636033999999995
-1.0183800000000005,-32.58233100000001
-1.6224079999999992,-6.005931000000004
6.337869,13.259212000000003
0.0272279999999991,-0.5421910000000025
-4.444775999999999,-16.577980999999994
-2.945416,20.608321000000004
9.392544,-17.946358000000004
4.305421999999998,22.119871000000003
-15.577769,22.421786999999995
12.251255,-20.07641199999999
-12.918189,21.208729000000005
13.327854,-43.995028000000005
1.072431,17.960148999999987
-9.313399999999998,-1.3452079999999995
-0.5973700000000006,24.19568199999999
10.338227,-37.18002
-10.174481,25.134245000000007
3.809166,13.869478
-7.088631,-8.820949999999996
1.5261749999999998,-41.46804899999999
-2.292895,32.336049
17.574672,15.208669
-3.082782,-47.636331
-3.376016,28.911737
-0.1316159999999993,14.980727000000002
-14.379355,-27.870018
1.6397039999999998,27.192208000000008
10.729014,-36.580653
-3.038405,10.895691
-8.55433,12.851635000000002
-1.4503849999999998,-16.621686999999994
17.12999,13.019173999999992
-10.160114,17.754097
-1.685323,-42.946996
10.761431,47.131841
4.325772000000001,-3.607258999999999
-15.714534,-46.13023999999999
0.4732039999999999,15.569734999999994
7.166282999999999,5.525248000000005
3.418166999999998,26.306131
1.0999429999999997,-5.5299730000000125
-17.309721,-25.627126000000004
11.002524,5.7841960000000086
-3.184494000000001,6.404723000000004
5.551417000000001,-13.671795000000005
2.792012,-4.268426999999988
2.889322999999999,13.921040000000003
-17.133326,24.803103000000007
3.033466,-48.99541099999999
8.07675,38.46467799999999
1.7189309999999995,-12.583503000000007
-15.792464,6.938077000000007
18.599369,-17.149884999999998
0.2704999999999984,-2.3462099999999992
-6.878326,7.834930999999997
2.5082000000000004,-8.119338999999997
-7.933568,-8.422597999999994
-4.700028,0.805807999999999
2.2007699999999994,6.028018000000003
-4.989693,43.45460000000001
2.908537,-11.32268599999999
16.06707,2.808447000000001
-12.837636999999996,-4.238424999999992
-6.261138000000001,-6.367904999999993
-0.5856239999999999,-17.434551
10.202253,8.975182000000004
-0.5646880000000003,-12.785526000000004
10.103454,17.669545999999997
-4.937357999999998,13.608364999999992
-11.665013,-32.888339
0.2931159999999999,39.489659
14.266086,2.983242000000004
-6.232866,-43.28092600000001
-2.968389,-6.020114
-7.451052,1.2343520000000012
5.266817,21.248783000000003
12.022198,-24.209497
-11.202408,6.161931999999993
4.201749,33.24973299999999
8.38855,-36.213667
-4.428077,39.690547
2.0723780000000005,0.8302740000000028
-1.3598,-13.346362999999997
-5.557771999999999,1.7618399999999923
5.454604000000001,-25.951252
-9.029361000000002,43.25517099999999
-4.774009,-8.655530999999996
5.087627,9.794238000000009
-4.612958,-48.882034
12.804634,41.54696200000001
0.1748549999999991,-40.68598999999999
-8.648613,44.016403
5.922678999999999,-42.72099899999999
5.8043130000000005,37.717456
-2.315761,-16.997685000000004
-3.25342,21.58726800000001
-8.944747,-35.74754200000001
9.934859,17.029410999999996
-0.3108190000000004,25.50119100000001
-3.483796,-34.734094
0.1092949999999994,8.503357999999992
10.555221,-14.639054000000002
-8.612625,26.388042
5.250038,6.522515000000013
-17.08262,6.463909000000001
6.793479,-49.369609
9.805295999999998,42.654039
-10.433836,-32.105159
-4.434595,-10.892208999999994
15.346516,43.308593
5.167668999999998,-27.185071
-5.686584000000002,3.2970519999999937
-10.251249,-7.136415
2.2296529999999994,-7.013183000000012
11.740707,13.240019999999989
-14.097881,21.788692
-3.50456,13.419222000000005
-2.063088,-3.466235999999995
4.325363,-44.73706
14.591133,20.94902500000001
-11.487189,-11.068480000000008
-7.574572,16.461796000000007
6.011546,22.28402
-2.516279,-17.16232199999999
3.637389,-8.108418999999998
8.573143,16.70409099999999
4.156615,-0.6245239999999939
-0.9572750000000028,-27.347511
-13.130253,1.1833780000000047
-5.557793,15.192425999999998
4.171754,20.03694200000001
8.235346,-19.842502
-5.5125,3.060817
11.179851,-29.924892
-0.8907030000000002,22.317386
-11.953269,21.809438
1.815576,-36.78112999999999
7.229583,0.0055329999999997
4.958145,-13.335595000000003
-1.7038720000000005,30.284755
-11.253465,-12.233131999999998
7.072089,-5.014650000000003
0.3938269999999999,-1.823018999999988
-6.497827,23.53497499999999
-5.435777,23.131789
8.356181,-9.39147100000001
-10.8238,-15.647792999999991
3.034748,-22.704931
4.265796,12.738899999999989
5.689539999999999,28.24812399999999
-2.8265959999999986,-46.87687
0.6319860000000013,15.145058999999996
-1.1567539999999994,38.500336
-8.483210999999999,-47.84779
6.118125000000001,3.2181779999999947
-3.154571999999999,-7.321103999999991
8.005643,47.027724
-7.117025999999999,-1.1504260000000102
9.818299,-10.698341
-14.051135,11.621253999999992
15.247854,-33.25175800000001
-17.356003,35.432756
16.448009000000003,1.0570959999999872
-15.834075999999998,-34.580978
15.560488,17.173086999999995
-8.102449,-17.998266
-1.957243,27.123042
-3.625906,-9.846154999999996
7.404277,-22.64
-4.454044999999999,4.864799000000005
-7.994775,25.213199000000003
9.779258,7.034205
10.571257,-13.782075000000006
-7.156304,-18.779725
-2.9877520000000004,-6.161889000000002
-3.7088,8.402184000000005
11.454299,5.295767999999995
-7.901707999999999,30.289799
6.0798060000000005,-18.133731
-15.731852,-2.4031949999999966
1.1434350000000002,29.994545
2.308191,-20.781611
-4.118122,-10.814674999999994
17.266735,-16.998008
-9.745484,28.187484999999995
10.432634,3.1466230000000053
-9.159084,-19.69269299999999
10.097285,-16.049834999999995
-4.272974000000001,17.153591
3.907423999999999,-8.128593999999993
-11.931835,7.190461999999997
-3.394689,16.14158400000001
16.246256,15.135991000000004
-10.873730000000002,3.1738419999999934
9.739282,-6.269108000000003
-12.517578,-1.1928159999999934
10.686888,1.5029620000000108
-14.032088,-31.227754000000004
12.768457,36.894828
0.602525,-42.444444
-16.075242,34.414919
11.007204,0.4010270000000133
-3.442072,-38.281874
6.732054,29.605719
-15.713909,-5.695784000000003
1.609301,11.061397999999995
7.454615,-37.267619
-4.645525,12.398663
3.264143999999999,31.90062300000001
-5.284984000000001,-24.752798
3.228255,-22.500351
-2.3440510000000003,46.74975599999999
5.029511,-28.940214
-7.751902,18.946366999999995
18.732085,3.0719799999999964
-5.236426999999999,-26.704803
6.051153000000001,-2.78405699999999
-3.388884000000001,35.651287
-7.852851999999999,-15.835827999999992
0.8394760000000003,-27.234207999999995
-3.610518000000001,38.376508
10.249953,-0.5379819999999995
-17.355293,-3.668999
22.415544,-21.64522000000001
-5.014271000000001,18.327808000000005
-9.752795,6.828380999999993
10.656369,-31.04409
1.5422270000000005,-11.515305000000003
-0.771687,29.314463
1.0788340000000003,-3.2990279999999927
-0.0116269999999989,-2.3307429999999982
-10.525672,26.420722999999995
-0.7781009999999999,-48.08022100000001
6.444571,16.304270000000002
-6.585413,-1.9950899999999905
9.920542,4.838035000000005
-3.3665590000000005,29.215063
-4.160705,-27.259611000000007
15.534946,13.077491000000007
-19.856256,-25.693159999999992
15.227716,32.76019699999999
-11.938071,-25.984098999999983
15.685377,-1.6280239999999964
-4.779528999999998,-19.035725
-15.159642,18.810504999999992
4.7758650000000005,-10.281937
0.2475500000000003,-4.850105999999997
5.091849,40.67600499999999
-10.369473,-15.504205
0.613738,20.631952
15.239093,-12.507885000000002
-14.261837,-21.137905000000003
9.542521,5.472547999999989
-7.182413,30.559042000000005
-4.402908,-43.708252
2.4714370000000003,3.8866640000000094
-5.083687,17.609353
5.475213999999999,23.018635000000003
7.480477,-42.59973599999999
6.080058999999999,8.58749499999999
-11.277883,1.7723799999999983
-3.0823670000000005,13.875394
-1.333666,19.186115
0.5449060000000001,-30.70790799999999
14.995113999999996,-6.000524999999996
-1.7740200000000002,-16.185625
-14.926241,41.908098
-0.8287179999999998,9.341549
15.644171,-9.754441999999996
-18.073492,-9.333844
16.131876000000002,-20.178677000000008
-13.649545,-4.740463999999989
13.101295,-1.3701700000000017
-5.42454,4.633910999999998
8.603128,11.959462000000002
-13.818304,-18.007819000000012
-0.0608059999999999,18.368611
2.886301,9.668166
3.083409,19.042119
0.3535160000000008,-3.613326999999998
-14.289172,-20.07960299999999
10.333674,-0.3002850000000023
5.978661000000001,12.612312000000005
-7.809374,-29.676611
3.351457000000001,45.26783999999999
8.02719,-19.002083
-0.7742259999999987,-4.308790999999999
-19.637307,-25.547289000000006
3.46918,-2.444264000000004
6.839489,35.26451600000001
-8.618575,-20.361556
0.5639250000000002,24.622969999999995
3.804348,-15.569856
4.197477999999999,22.793637999999987
-11.176323,-9.893607000000005
-1.353455,-1.358337000000006
15.290374,-21.240809
-12.75805,-15.452388
2.69604,12.395362
0.5061960000000001,11.386711000000004
-9.287588,1.494826000000003
15.419368,10.557696000000009
-13.562227,-33.06824800000001
3.14655,7.509567000000004
17.135637000000003,17.302724000000012
-15.699366,-8.684364000000002
11.953396,-3.508342000000013
-6.654518999999999,17.012209999999996
0.3308070000000001,-20.869119
-4.112908000000001,26.769144
10.086617,-38.303458000000006
-7.542908000000001,11.440483
0.2642549999999986,22.272666
-2.536964,2.512473999999997
2.334447999999999,-25.330006999999995
0.4453649999999998,25.985269
-2.628316,3.7767180000000025
12.291502,-39.67924599999999
-2.620640999999999,6.472243999999989
-12.922613,-10.873945
0.3033900000000002,52.940459
13.497287000000002,-36.80026299999999
-7.976666,17.067916999999994
-11.542202,1.183809999999994
12.221869000000002,-3.547639000000004
-10.955065,-22.39477699999999
10.812004,19.237452000000005
0.1601759999999998,-2.525234999999995
1.4393969999999996,4.715609000000001
-11.422824,-3.0290219999999977
-3.274537,-9.131858000000008
14.049011,22.343116999999992
5.557540999999999,-36.805106
-13.82795,41.882988000000005
14.842448,-17.347587999999988
1.8913049999999991,9.874599000000003
-9.076424,-32.615358
2.469678,19.297437
-6.031346,-25.463797
-7.481004,52.388138000000005
2.159124,-26.703463
11.528116,-8.864812999999998
-0.744613,-21.54025399999999
13.46676,1.104237000000012
-14.318328,17.167310999999998
13.363042,-5.435748000000004
-7.266233,20.436837
-5.082796,-10.988608
16.593636,-10.835501999999993
-0.8202369999999988,5.67358200000001
1.4310929999999988,-14.841048
-15.29785,32.413759
-1.264858,10.104258000000002
-0.460799,-10.260067000000006
5.161416,-0.3230909999999909
-2.915478,10.744585999999998
12.797839,-37.55174500000001
-4.939171999999999,43.015225
-12.820405,-46.793333
12.409709,46.08266599999999
-8.562187,0.4489289999999926
8.279355,-8.963950999999994
0.078443,-41.542698
0.7419799999999999,23.059943999999987
-8.616253,3.549186000000006
8.065234,15.50281000000001
-5.918413000000001,-39.561588
4.562621999999999,28.112468000000007
-10.098088,-9.113396000000009
2.003406,-18.163758
5.722599000000001,5.714444
-6.901187,37.055885
-2.970175,-24.80411699999999
0.2703099999999998,16.48648
4.748723,2.9885209999999915
-2.9864200000000003,4.320778000000004
15.437026,-26.471856
-5.6022680000000005,-10.276874000000008
-4.95838,4.109441000000004
-1.532013,24.108435
11.134428,-15.59174
-4.787988,-13.093087999999996
-0.8083529999999994,24.003726
3.423931,2.090350000000001
-11.801418,-6.927851000000004
5.481488,23.392227000000005
7.289634999999999,-35.70249600000001
-9.972596,-6.687280000000001
10.322931,-3.553926000000004
-9.625001,50.38393599999999
11.358493,-31.306971999999988
-6.798018999999999,-8.875513999999995
0.873272,24.026521
7.063557,-32.82261600000001
-8.03226,43.751025
5.053286000000001,-24.879738000000003
4.066744,-12.803258999999995
-9.038671,6.202971000000005
-4.299759,23.366957
3.4274790000000004,-4.524527000000006
-1.68811,-20.58637
11.523264,25.211272
1.3583049999999997,-16.530577000000008
-13.483017,-23.320578
-3.372099,15.440607
6.891424,3.015772000000013
2.708912,32.92612899999999
0.9222450000000002,-15.475342999999995
8.809117,-7.382671999999999
-19.052546,-5.125530999999995
18.162795,8.853697999999994
-21.378734,-33.719454
17.468069,48.03789900000001
-9.251388000000002,-25.132752
-0.188847,26.639108
-6.237561,-24.065366999999995
5.572916,17.333918999999995
-5.957186999999999,-2.2657679999999942
3.863095,-18.50065099999999
11.042324999999998,8.242488000000009
-8.464003,12.228760000000008
-2.2076199999999995,-12.400643000000002
5.803818000000001,-24.297127999999987
-6.387145,-3.692515
-2.139328,-1.5222770000000023
4.217634,22.764714999999995
-2.661337,-24.30062799999999
11.438457,11.368713999999995
-4.822672000000001,25.996838999999994
-9.278985,3.494838000000001
3.918913,-25.627424999999988
7.193153000000001,10.660387
3.431125,-16.593208000000004
-9.209546,-7.946489
-3.746255,36.865967
6.642965,-17.163638000000006
-4.866103,0.6487740000000031
16.157659,-0.8080119999999908
-18.889845,8.618739999999988
0.0489459999999999,-17.185976999999994
13.365247,20.377515
-0.2245829999999991,-19.244609999999994
-11.895307,20.628846
10.790778,1.1907320000000112
-13.599153,-15.533354000000005
-1.169679,21.648284000000004
6.175007,-41.847474000000005
-0.5588069999999998,45.052453
10.192897,-28.56362899999999
-0.5279189999999989,-7.840598999999997
4.853010999999999,39.18147999999999
-12.503291,-46.075753000000006
12.010805,43.151287
-5.540797999999999,-39.73167599999999
-9.182951999999998,-4.619176999999993
8.956433,45.42394200000001
5.5649,-22.323571
-19.175268,16.963881
8.907533,-34.721684
8.72599,32.322002
-1.3985909999999997,-20.377671000000007
2.908374,1.905138999999992
-10.080193,3.779696000000001
-7.591671,3.137769999999989
5.965021999999999,3.868369000000001
5.5066690000000005,21.50629600000001
1.462420999999999,-17.462470999999994
-6.276156,9.752344000000008
7.618309999999999,-43.571919
-0.3771959999999996,2.0612020000000086
-16.138013,0.5062069999999892
16.445058,45.726201
-11.154562,0.5823910000000012
15.005545,-28.092986
-2.9299989999999987,26.227837
-3.1207079999999987,-34.91682300000001
1.333093,-7.059488999999999
-4.194552,10.98605099999999
-8.548741,2.981977999999998
-1.587701,23.72285
2.350974,-26.224858999999995
3.0444030000000004,33.76374199999999
-2.492932,-43.742917000000006
12.539703,7.246858000000003
0.2195130000000009,4.945623000000012
